id,method,prompt_type,nodes,edges,density,clustering,path_len,avg_deg,max_deg,file_path
emo_edge_list_complex_1.25,emoatlas,complex,1097,10967,0.018243184797290552,0.49967080300880035,,19.994530537830446,545,emo_edges_complex/emo_edge_list_complex_1.25.txt
emo_edge_list_complex_0.001,emoatlas,complex,802,6641,0.02067552716211967,0.5095184656171582,2.5903250612544793,16.561097256857856,381,emo_edges_complex/emo_edge_list_complex_0.001.txt
emo_edge_list_complex_0.5,emoatlas,complex,967,9232,0.01976615474210007,0.5032799803102413,2.555013156739698,19.094105480868667,489,emo_edges_complex/emo_edge_list_complex_0.5.txt
emo_edge_list_complex_0.75,emoatlas,complex,1028,10438,0.01977350827274484,0.5099874746501957,2.5367206058975746,20.30739299610895,523,emo_edges_complex/emo_edge_list_complex_0.75.txt
emo_edge_list_complex_1.0,emoatlas,complex,1010,9822,0.019276020763622448,0.49215551351846026,2.575766615313662,19.44950495049505,490,emo_edges_complex/emo_edge_list_complex_1.0.txt
emo_edge_list_complex_0.25,emoatlas,complex,923,8751,0.02056624747651603,0.5127259351348809,2.5248094608028615,18.96208017334778,494,emo_edges_complex/emo_edge_list_complex_0.25.txt
emo_edge_list_complex_1.5,emoatlas,complex,1167,11588,0.017032134410996515,0.49537025443933125,,19.859468723221937,567,emo_edges_complex/emo_edge_list_complex_1.5.txt
emo_edge_list_vague_1.5,emoatlas,vague,1385,14120,0.014732580705744873,0.461448206958973,2.6275484651822794,20.3898916967509,652,emo_edges_vague/emo_edge_list_vague_1.5.txt
emo_edge_list_vague_1.0,emoatlas,vague,1297,12765,0.015188183557497358,0.4814651199119106,2.6101164129948504,19.683885890516578,615,emo_edges_vague/emo_edge_list_vague_1.0.txt
emo_edge_list_vague_0.75,emoatlas,vague,1144,11162,0.017072603686776915,0.4729310378141551,2.600256043169429,19.513986013986013,541,emo_edges_vague/emo_edge_list_vague_0.75.txt
emo_edge_list_vague_1.25,emoatlas,vague,1357,13592,0.014773174384759023,0.47128264564505107,2.6337552687583012,20.032424465733236,624,emo_edges_vague/emo_edge_list_vague_1.25.txt
emo_edge_list_vague_0.25,emoatlas,vague,1089,10206,0.017227758872143898,0.4743851579739543,,18.74380165289256,536,emo_edges_vague/emo_edge_list_vague_0.25.txt
emo_edge_list_vague_0.5,emoatlas,vague,1126,10730,0.016940990724294454,0.49100942120244273,2.58799447404776,19.05861456483126,558,emo_edges_vague/emo_edge_list_vague_0.5.txt
emo_edge_list_vague_0.001,emoatlas,vague,936,8365,0.019116504410622057,0.48389478414164383,2.6001713972302207,17.873931623931625,478,emo_edges_vague/emo_edge_list_vague_0.001.txt
edge_list_prompt_complex_0.001,cooccurrence,complex,970,5582,0.011877480237890056,0.4148596221388358,2.974321492026002,11.509278350515464,211,edges_complex/edge_list_prompt_complex_0.001.txt
edge_list_prompt_complex_1.25,cooccurrence,complex,1355,8586,0.009359721366785307,0.4057589773392896,2.9767282399559596,12.673062730627306,295,edges_complex/edge_list_prompt_complex_1.25.txt
edge_list_prompt_complex_1.0,cooccurrence,complex,1246,8242,0.010626132136894286,0.40460657586966414,2.9231945438253817,13.229534510433387,287,edges_complex/edge_list_prompt_complex_1.0.txt
edge_list_prompt_complex_0.25,cooccurrence,complex,1153,7312,0.01100992579743664,0.40417369591267144,2.9442306302399537,12.683434518647008,231,edges_complex/edge_list_prompt_complex_0.25.txt
edge_list_prompt_complex_0.75,cooccurrence,complex,1257,8218,0.010410491058986872,0.4076350239003035,2.9134806864995517,13.07557677008751,276,edges_complex/edge_list_prompt_complex_0.75.txt
edge_list_prompt_complex_0.5,cooccurrence,complex,1215,7531,0.010211456193517331,0.4120167243798438,2.9696232567914795,12.396707818930041,239,edges_complex/edge_list_prompt_complex_0.5.txt
edge_list_prompt_complex_1.5,cooccurrence,complex,1431,9312,0.009101171365322309,0.4056375330903818,2.940518880141522,13.014675052410901,302,edges_complex/edge_list_prompt_complex_1.5.txt
edge_list_prompt_vague_0.75,cooccurrence,vague,1406,9489,0.009607022268569375,0.3949367690768434,2.9229099487200254,13.497866287339972,358,edges_vague/edge_list_prompt_vague_0.75.txt
edge_list_prompt_vague_1.5,cooccurrence,vague,1703,11125,0.007676368446365127,0.3868195325351293,2.9770792263324624,13.065179095713447,426,edges_vague/edge_list_prompt_vague_1.5.txt
edge_list_prompt_vague_1.25,cooccurrence,vague,1687,10957,0.007704580628784347,0.4023313371357142,2.961507332957843,12.989922940130409,404,edges_vague/edge_list_prompt_vague_1.25.txt
edge_list_prompt_vague_0.25,cooccurrence,vague,1342,8278,0.00919970971681831,0.41041975870822267,2.964262495123976,12.336810730253353,357,edges_vague/edge_list_prompt_vague_0.25.txt
edge_list_prompt_vague_0.5,cooccurrence,vague,1409,9049,0.009122564358990903,0.406320295860333,2.9531149187044323,12.84457061745919,356,edges_vague/edge_list_prompt_vague_0.5.txt
edge_list_prompt_vague_0.001,cooccurrence,vague,1148,6787,0.01030866766507994,0.40375502007268654,2.984004629559311,11.82404181184669,313,edges_vague/edge_list_prompt_vague_0.001.txt
edge_list_prompt_vague_1.0,cooccurrence,vague,1611,10248,0.007902194154319489,0.39981053567073727,3.0057500645793094,12.722532588454376,373,edges_vague/edge_list_prompt_vague_1.0.txt
